pokedex_number,name,type1,type2,base_total,hp,attack,defense,sp_attack,sp_defense,speed,generation,is_legendary,percentage_male,capture_rate,classfication
1,Bulbasaur,grass,poison,318,45,49,49,65,65,45,1,0,88.1,45,Seed Pokémon
2,Ivysaur,grass,poison,405,60,62,63,80,80,60,1,0,88.1,45,Seed Pokémon
3,Venusaur,grass,poison,625,80,100,123,122,120,80,1,0,88.1,45,Seed Pokémon
4,Charmander,fire,,309,39,52,43,60,50,65,1,0,88.1,45,Lizard Pokémon
5,Charmeleon,fire,,405,58,64,58,80,65,80,1,0,88.1,45,Flame Pokémon
6,Charizard,fire,flying,634,78,104,78,159,115,100,1,0,88.1,45,Flame Pokémon
7,Squirtle,water,,314,44,48,65,50,64,43,1,0,88.1,45,Tiny Turtle Pokémon
8,Wartortle,water,,405,59,63,80,65,80,58,1,0,88.1,45,Turtle Pokémon
9,Blastoise,water,,630,79,103,120,135,115,78,1,0,88.1,45,Shellfish Pokémon
10,Caterpie,bug,,195,45,30,35,20,20,45,1,0,50,255,Worm Pokémon
11,Metapod,bug,,205,50,20,55,25,25,30,1,0,50,120,Cocoon Pokémon
12,Butterfree,bug,flying,395,60,45,50,90,80,70,1,0,50,45,Butterfly Pokémon
13,Weedle,bug,poison,195,40,35,30,20,20,50,1,0,50,255,Hairy Pokémon
14,Kakuna,bug,poison,205,45,25,50,25,25,35,1,0,50,120,Cocoon Pokémon
15,Beedrill,bug,poison,495,65,150,40,15,80,145,1,0,50,45,Poison Bee Pokémon
16,Pidgey,normal,flying,251,40,45,40,35,35,56,1,0,50,255,Tiny Bird Pokémon
17,Pidgeotto,normal,flying,349,63,60,55,50,50,71,1,0,50,120,Bird Pokémon
18,Pidgeot,normal,flying,579,83,80,80,135,80,121,1,0,50,45,Bird Pokémon
19,Rattata,normal,dark,253,30,56,35,25,35,72,1,0,50,255,Mouse Pokémon
20,Raticate,normal,dark,413,75,71,70,40,80,77,1,0,50,127,Mouse Pokémon
21,Spearow,normal,flying,262,40,60,30,31,31,70,1,0,50,255,Tiny Bird Pokémon
22,Fearow,normal,flying,442,65,90,65,61,61,100,1,0,50,90,Beak Pokémon
23,Ekans,poison,,288,35,60,44,40,54,55,1,0,50,255,Snake Pokémon
24,Arbok,poison,,448,60,95,69,65,79,80,1,0,50,90,Cobra Pokémon
25,Pikachu,electric,,320,35,55,40,50,50,90,1,0,50,190,Mouse Pokémon
26,Raichu,electric,electric,485,60,85,50,95,85,110,1,0,50,75,Mouse Pokémon
27,Sandshrew,ground,ice,300,50,75,90,10,35,40,1,0,50,255,Mouse Pokémon
28,Sandslash,ground,ice,450,75,100,120,25,65,65,1,0,50,90,Mouse Pokémon
29,Nidoran♀,poison,,275,55,47,52,40,40,41,1,0,0,235,Poison Pin Pokémon
30,Nidorina,poison,,365,70,62,67,55,55,56,1,0,0,120,Poison Pin Pokémon
31,Nidoqueen,poison,ground,505,90,92,87,75,85,76,1,0,0,45,Drill Pokémon
32,Nidoran♂,poison,,273,46,57,40,40,40,50,1,0,100,235,Poison Pin Pokémon
33,Nidorino,poison,,365,61,72,57,55,55,65,1,0,100,120,Poison Pin Pokémon
34,Nidoking,poison,ground,505,81,102,77,85,75,85,1,0,100,45,Drill Pokémon
35,Clefairy,fairy,,323,70,45,48,60,65,35,1,0,24.6,150,Fairy Pokémon
36,Clefable,fairy,,483,95,70,73,95,90,60,1,0,24.6,25,Fairy Pokémon
37,Vulpix,fire,ice,299,38,41,40,50,65,65,1,0,24.6,190,Fox Pokémon
38,Ninetales,fire,ice,505,73,67,75,81,100,109,1,0,24.6,75,Fox Pokémon
39,Jigglypuff,normal,fairy,270,115,45,20,45,25,20,1,0,24.6,170,Balloon Pokémon
40,Wigglytuff,normal,fairy,435,140,70,45,85,50,45,1,0,24.6,50,Balloon Pokémon
41,Zubat,poison,flying,245,40,45,35,30,40,55,1,0,50,255,Bat Pokémon
42,Golbat,poison,flying,455,75,80,70,65,75,90,1,0,50,90,Bat Pokémon
43,Oddish,grass,poison,320,45,50,55,75,65,30,1,0,50,255,Weed Pokémon
44,Gloom,grass,poison,395,60,65,70,85,75,40,1,0,50,120,Weed Pokémon
45,Vileplume,grass,poison,490,75,80,85,110,90,50,1,0,50,45,Flower Pokémon
46,Paras,bug,grass,285,35,70,55,45,55,25,1,0,50,190,Mushroom Pokémon
47,Parasect,bug,grass,405,60,95,80,60,80,30,1,0,50,75,Mushroom Pokémon
48,Venonat,bug,poison,305,60,55,50,40,55,45,1,0,50,190,Insect Pokémon
49,Venomoth,bug,poison,450,70,65,60,90,75,90,1,0,50,75,Poison Moth Pokémon
50,Diglett,ground,ground,265,10,55,30,35,45,90,1,0,50,255,Mole Pokémon
51,Dugtrio,ground,ground,425,35,100,60,50,70,110,1,0,50,50,Mole Pokémon
52,Meowth,normal,dark,290,40,35,35,50,40,90,1,0,50,255,Scratch Cat Pokémon
53,Persian,normal,dark,440,65,60,60,75,65,115,1,0,50,90,Classy Cat Pokémon
54,Psyduck,water,,320,50,52,48,65,50,55,1,0,50,190,Duck Pokémon
55,Golduck,water,,500,80,82,78,95,80,85,1,0,50,75,Duck Pokémon
56,Mankey,fighting,,305,40,80,35,35,45,70,1,0,50,190,Pig Monkey Pokémon
57,Primeape,fighting,,455,65,105,60,60,70,95,1,0,50,75,Pig Monkey Pokémon
58,Growlithe,fire,,350,55,70,45,70,50,60,1,0,75.4,190,Puppy Pokémon
59,Arcanine,fire,,555,90,110,80,100,80,95,1,0,75.4,75,Legendary Pokémon
60,Poliwag,water,,300,40,50,40,40,40,90,1,0,50,255,Tadpole Pokémon
61,Poliwhirl,water,,385,65,65,65,50,50,90,1,0,50,120,Tadpole Pokémon
62,Poliwrath,water,fighting,510,90,95,95,70,90,70,1,0,50,45,Tadpole Pokémon
63,Abra,psychic,,310,25,20,15,105,55,90,1,0,75.4,200,Psi Pokémon
64,Kadabra,psychic,,400,40,35,30,120,70,105,1,0,75.4,100,Psi Pokémon
65,Alakazam,psychic,,600,55,50,65,175,105,150,1,0,75.4,50,Psi Pokémon
66,Machop,fighting,,305,70,80,50,35,35,35,1,0,75.4,180,Superpower Pokémon
67,Machoke,fighting,,405,80,100,70,50,60,45,1,0,75.4,90,Superpower Pokémon
68,Machamp,fighting,,505,90,130,80,65,85,55,1,0,75.4,45,Superpower Pokémon
69,Bellsprout,grass,poison,300,50,75,35,70,30,40,1,0,50,255,Flower Pokémon
70,Weepinbell,grass,poison,390,65,90,50,85,45,55,1,0,50,120,Flycatcher Pokémon
71,Victreebel,grass,poison,490,80,105,65,100,70,70,1,0,50,45,Flycatcher Pokémon
72,Tentacool,water,poison,335,40,40,35,50,100,70,1,0,50,190,Jellyfish Pokémon
73,Tentacruel,water,poison,515,80,70,65,80,120,100,1,0,50,60,Jellyfish Pokémon
74,Geodude,rock,ground,300,40,80,100,30,30,20,1,0,50,255,Rock Pokémon
75,Graveler,rock,ground,390,55,95,115,45,45,35,1,0,50,120,Rock Pokémon
76,Golem,rock,ground,495,80,120,130,55,65,45,1,0,50,45,Megaton Pokémon
77,Ponyta,fire,,410,50,85,55,65,65,90,1,0,50,190,Fire Horse Pokémon
78,Rapidash,fire,,500,65,100,70,80,80,105,1,0,50,60,Fire Horse Pokémon
79,Slowpoke,water,psychic,315,90,65,65,40,40,15,1,0,50,190,Dopey Pokémon
80,Slowbro,water,psychic,590,95,75,180,130,80,30,1,0,50,75,Hermit Crab Pokémon
81,Magnemite,electric,steel,325,25,35,70,95,55,45,1,0,,190,Magnet Pokémon
82,Magneton,electric,steel,465,50,60,95,120,70,70,1,0,,60,Magnet Pokémon
83,Farfetch'd,normal,flying,377,52,90,55,58,62,60,1,0,50,45,Wild Duck Pokémon
84,Doduo,normal,flying,310,35,85,45,35,35,75,1,0,50,190,Twin Bird Pokémon
85,Dodrio,normal,flying,470,60,110,70,60,60,110,1,0,50,45,Triple Bird Pokémon
86,Seel,water,,325,65,45,55,45,70,45,1,0,50,190,Sea Lion Pokémon
87,Dewgong,water,ice,475,90,70,80,70,95,70,1,0,50,75,Sea Lion Pokémon
88,Grimer,poison,poison,325,80,80,50,40,50,25,1,0,50,190,Sludge Pokémon
89,Muk,poison,poison,500,105,105,75,65,100,50,1,0,50,75,Sludge Pokémon
90,Shellder,water,,305,30,65,100,45,25,40,1,0,50,190,Bivalve Pokémon
91,Cloyster,water,ice,525,50,95,180,85,45,70,1,0,50,60,Bivalve Pokémon
92,Gastly,ghost,poison,310,30,35,30,100,35,80,1,0,50,190,Gas Pokémon
93,Haunter,ghost,poison,405,45,50,45,115,55,95,1,0,50,90,Gas Pokémon
94,Gengar,ghost,poison,600,60,65,80,170,95,130,1,0,50,45,Shadow Pokémon
95,Onix,rock,ground,385,35,45,160,30,45,70,1,0,50,45,Rock Snake Pokémon
96,Drowzee,psychic,,328,60,48,45,43,90,42,1,0,50,190,Hypnosis Pokémon
97,Hypno,psychic,,483,85,73,70,73,115,67,1,0,50,75,Hypnosis Pokémon
98,Krabby,water,,325,30,105,90,25,25,50,1,0,50,225,River Crab Pokémon
99,Kingler,water,,475,55,130,115,50,50,75,1,0,50,60,Pincer Pokémon
100,Voltorb,electric,,330,40,30,50,55,55,100,1,0,,190,Ball Pokémon
101,Electrode,electric,,490,60,50,70,80,80,150,1,0,,60,Ball Pokémon
102,Exeggcute,grass,psychic,325,60,40,80,60,45,40,1,0,50,90,Egg Pokémon
103,Exeggutor,grass,psychic,530,95,105,85,125,75,45,1,0,50,45,Coconut Pokémon
104,Cubone,ground,,320,50,50,95,40,50,35,1,0,50,190,Lonely Pokémon
105,Marowak,ground,fire,425,60,80,110,50,80,45,1,0,50,75,Bone Keeper Pokémon
106,Hitmonlee,fighting,,455,50,120,53,35,110,87,1,0,100,45,Kicking Pokémon
107,Hitmonchan,fighting,,455,50,105,79,35,110,76,1,0,100,45,Punching Pokémon
108,Lickitung,normal,,385,90,55,75,60,75,30,1,0,50,45,Licking Pokémon
109,Koffing,poison,,340,40,65,95,60,45,35,1,0,50,190,Poison Gas Pokémon
110,Weezing,poison,,490,65,90,120,85,70,60,1,0,50,60,Poison Gas Pokémon
111,Rhyhorn,ground,rock,345,80,85,95,30,30,25,1,0,50,120,Spikes Pokémon
112,Rhydon,ground,rock,485,105,130,120,45,45,40,1,0,50,60,Drill Pokémon
113,Chansey,normal,,450,250,5,5,35,105,50,1,0,0,30,Egg Pokémon
114,Tangela,grass,,435,65,55,115,100,40,60,1,0,50,45,Vine Pokémon
115,Kangaskhan,normal,,590,105,125,100,60,100,100,1,0,0,45,Parent Pokémon
116,Horsea,water,,295,30,40,70,70,25,60,1,0,50,225,Dragon Pokémon
117,Seadra,water,,440,55,65,95,95,45,85,1,0,50,75,Dragon Pokémon
118,Goldeen,water,,320,45,67,60,35,50,63,1,0,50,225,Goldfish Pokémon
119,Seaking,water,,450,80,92,65,65,80,68,1,0,50,60,Goldfish Pokémon
120,Staryu,water,,340,30,45,55,70,55,85,1,0,,225,Starshape Pokémon
121,Starmie,water,psychic,520,60,75,85,100,85,115,1,0,,60,Mysterious Pokémon
122,Mr. Mime,psychic,fairy,460,40,45,65,100,120,90,1,0,50,45,Barrier Pokémon
123,Scyther,bug,flying,500,70,110,80,55,80,105,1,0,50,45,Mantis Pokémon
124,Jynx,ice,psychic,455,65,50,35,115,95,95,1,0,0,45,Humanshape Pokémon
125,Electabuzz,electric,,490,65,83,57,95,85,105,1,0,75.4,45,Electric Pokémon
126,Magmar,fire,,495,65,95,57,100,85,93,1,0,75.4,45,Spitfire Pokémon
127,Pinsir,bug,,600,65,155,120,65,90,105,1,0,50,45,Stagbeetle Pokémon
128,Tauros,normal,,490,75,100,95,40,70,110,1,0,100,45,Wild Bull Pokémon
129,Magikarp,water,,200,20,10,55,15,20,80,1,0,50,255,Fish Pokémon
130,Gyarados,water,flying,640,95,155,109,70,130,81,1,0,50,45,Atrocious Pokémon
131,Lapras,water,ice,535,130,85,80,85,95,60,1,0,50,45,Transport Pokémon
132,Ditto,normal,,288,48,48,48,48,48,48,1,0,,35,Transform Pokémon
133,Eevee,normal,,325,55,55,50,45,65,55,1,0,88.1,45,Evolution Pokémon
134,Vaporeon,water,,525,130,65,60,110,95,65,1,0,88.1,45,Bubble Jet Pokémon
135,Jolteon,electric,,525,65,65,60,110,95,130,1,0,88.1,45,Lightning Pokémon
136,Flareon,fire,,525,65,130,60,95,110,65,1,0,88.1,45,Flame Pokémon
137,Porygon,normal,,395,65,60,70,85,75,40,1,0,,45,Virtual Pokémon
138,Omanyte,rock,water,355,35,40,100,90,55,35,1,0,88.1,45,Spiral Pokémon
139,Omastar,rock,water,495,70,60,125,115,70,55,1,0,88.1,45,Spiral Pokémon
140,Kabuto,rock,water,355,30,80,90,55,45,55,1,0,88.1,45,Shellfish Pokémon
141,Kabutops,rock,water,495,60,115,105,65,70,80,1,0,88.1,45,Shellfish Pokémon
142,Aerodactyl,rock,flying,615,80,135,85,70,95,150,1,0,88.1,45,Fossil Pokémon
143,Snorlax,normal,,540,160,110,65,65,110,30,1,0,88.1,25,Sleeping Pokémon
144,Articuno,ice,flying,580,90,85,100,95,125,85,1,1,,3,Freeze Pokémon
145,Zapdos,electric,flying,580,90,90,85,125,90,100,1,1,,3,Electric Pokémon
146,Moltres,fire,flying,580,90,100,90,125,85,90,1,1,,3,Flame Pokémon
147,Dratini,dragon,,300,41,64,45,50,50,50,1,0,50,45,Dragon Pokémon
148,Dragonair,dragon,,420,61,84,65,70,70,70,1,0,50,45,Dragon Pokémon
149,Dragonite,dragon,flying,600,91,134,95,100,100,80,1,0,50,45,Dragon Pokémon
150,Mewtwo,psychic,,780,106,150,70,194,120,140,1,1,,3,Genetic Pokémon
151,Mew,psychic,,600,100,100,100,100,100,100,1,1,,45,New Species Pokémon
152,Chikorita,grass,,318,45,49,65,49,65,45,2,0,88.1,45,Leaf Pokémon
153,Bayleef,grass,,405,60,62,80,63,80,60,2,0,88.1,45,Leaf Pokémon
154,Meganium,grass,,525,80,82,100,83,100,80,2,0,88.1,45,Herb Pokémon
155,Cyndaquil,fire,,309,39,52,43,60,50,65,2,0,88.1,45,Fire Mouse Pokémon
156,Quilava,fire,,405,58,64,58,80,65,80,2,0,88.1,45,Volcano Pokémon
157,Typhlosion,fire,,534,78,84,78,109,85,100,2,0,88.1,45,Volcano Pokémon
158,Totodile,water,,314,50,65,64,44,48,43,2,0,88.1,45,Big Jaw Pokémon
159,Croconaw,water,,405,65,80,80,59,63,58,2,0,88.1,45,Big Jaw Pokémon
160,Feraligatr,water,,530,85,105,100,79,83,78,2,0,88.1,45,Big Jaw Pokémon
161,Sentret,normal,,215,35,46,34,35,45,20,2,0,50,255,Scout Pokémon
162,Furret,normal,,415,85,76,64,45,55,90,2,0,50,90,Long Body Pokémon
163,Hoothoot,normal,flying,262,60,30,30,36,56,50,2,0,50,255,Owl Pokémon
164,Noctowl,normal,flying,452,100,50,50,86,96,70,2,0,50,90,Owl Pokémon
165,Ledyba,bug,flying,265,40,20,30,40,80,55,2,0,50,255,Five Star Pokémon
166,Ledian,bug,flying,390,55,35,50,55,110,85,2,0,50,90,Five Star Pokémon
167,Spinarak,bug,poison,250,40,60,40,40,40,30,2,0,50,255,String Spit Pokémon
168,Ariados,bug,poison,400,70,90,70,60,70,40,2,0,50,90,Long Leg Pokémon
169,Crobat,poison,flying,535,85,90,80,70,80,130,2,0,50,90,Bat Pokémon
170,Chinchou,water,electric,330,75,38,38,56,56,67,2,0,50,190,Angler Pokémon
171,Lanturn,water,electric,460,125,58,58,76,76,67,2,0,50,75,Light Pokémon
172,Pichu,electric,,205,20,40,15,35,35,60,2,0,50,190,Tiny Mouse Pokémon
173,Cleffa,fairy,,218,50,25,28,45,55,15,2,0,24.6,150,Star Shape Pokémon
174,Igglybuff,normal,fairy,210,90,30,15,40,20,15,2,0,24.6,170,Balloon Pokémon
175,Togepi,fairy,,245,35,20,65,40,65,20,2,0,88.1,190,Spike Ball Pokémon
176,Togetic,fairy,flying,405,55,40,85,80,105,40,2,0,88.1,75,Happiness Pokémon
177,Natu,psychic,flying,320,40,50,45,70,45,70,2,0,50,190,Little Bird Pokémon
178,Xatu,psychic,flying,470,65,75,70,95,70,95,2,0,50,75,Mystic Pokémon
179,Mareep,electric,,280,55,40,40,65,45,35,2,0,50,235,Wool Pokémon
180,Flaaffy,electric,,365,70,55,55,80,60,45,2,0,50,120,Wool Pokémon
181,Ampharos,electric,,610,90,95,105,165,110,45,2,0,50,45,Light Pokémon
182,Bellossom,grass,,490,75,80,95,90,100,50,2,0,50,45,Flower Pokémon
183,Marill,water,fairy,250,70,20,50,20,50,40,2,0,50,190,Aquamouse Pokémon
184,Azumarill,water,fairy,420,100,50,80,60,80,50,2,0,50,75,Aquarabbit Pokémon
185,Sudowoodo,rock,,410,70,100,115,30,65,30,2,0,50,65,Imitation Pokémon
186,Politoed,water,,500,90,75,75,90,100,70,2,0,50,45,Frog Pokémon
187,Hoppip,grass,flying,250,35,35,40,35,55,50,2,0,50,255,Cottonweed Pokémon
188,Skiploom,grass,flying,340,55,45,50,45,65,80,2,0,50,120,Cottonweed Pokémon
189,Jumpluff,grass,flying,460,75,55,70,55,95,110,2,0,50,45,Cottonweed Pokémon
190,Aipom,normal,,360,55,70,55,40,55,85,2,0,50,45,Long Tail Pokémon
191,Sunkern,grass,,180,30,30,30,30,30,30,2,0,50,235,Seed Pokémon
192,Sunflora,grass,,425,75,75,55,105,85,30,2,0,50,120,Sun Pokémon
193,Yanma,bug,flying,390,65,65,45,75,45,95,2,0,50,75,Clear Wing Pokémon
194,Wooper,water,ground,210,55,45,45,25,25,15,2,0,50,255,Water Fish Pokémon
195,Quagsire,water,ground,430,95,85,85,65,65,35,2,0,50,90,Water Fish Pokémon
196,Espeon,psychic,,525,65,65,60,130,95,110,2,0,88.1,45,Sun Pokémon
197,Umbreon,dark,,525,95,65,110,60,130,65,2,0,88.1,45,Moonlight Pokémon
198,Murkrow,dark,flying,405,60,85,42,85,42,91,2,0,50,30,Darkness Pokémon
199,Slowking,water,psychic,490,95,75,80,100,110,30,2,0,50,70,Royal Pokémon
200,Misdreavus,ghost,,435,60,60,60,85,85,85,2,0,50,45,Screech Pokémon
201,Unown,psychic,,336,48,72,48,72,48,48,2,0,,225,Symbol Pokémon
202,Wobbuffet,psychic,,405,190,33,58,33,58,33,2,0,50,45,Patient Pokémon
203,Girafarig,normal,psychic,455,70,80,65,90,65,85,2,0,50,60,Long Neck Pokémon
204,Pineco,bug,,290,50,65,90,35,35,15,2,0,50,190,Bagworm Pokémon
205,Forretress,bug,steel,465,75,90,140,60,60,40,2,0,50,75,Bagworm Pokémon
206,Dunsparce,normal,,415,100,70,70,65,65,45,2,0,50,190,Land Snake Pokémon
207,Gligar,ground,flying,430,65,75,105,35,65,85,2,0,50,60,Flyscorpion Pokémon
208,Steelix,steel,ground,610,75,125,230,55,95,30,2,0,50,25,Iron Snake Pokémon
209,Snubbull,fairy,,300,60,80,50,40,40,30,2,0,24.6,190,Fairy Pokémon
210,Granbull,fairy,,450,90,120,75,60,60,45,2,0,24.6,75,Fairy Pokémon
211,Qwilfish,water,poison,440,65,95,85,55,55,85,2,0,50,45,Balloon Pokémon
212,Scizor,bug,steel,600,70,150,140,65,100,75,2,0,50,25,Pincer Pokémon
213,Shuckle,bug,rock,505,20,10,230,10,230,5,2,0,50,190,Mold Pokémon
214,Heracross,bug,fighting,600,80,185,115,40,105,75,2,0,50,45,Singlehorn Pokémon
215,Sneasel,dark,ice,430,55,95,55,35,75,115,2,0,50,60,Sharp Claw Pokémon
216,Teddiursa,normal,,330,60,80,50,50,50,40,2,0,50,120,Little Bear Pokémon
217,Ursaring,normal,,500,90,130,75,75,75,55,2,0,50,60,Hibernator Pokémon
218,Slugma,fire,,250,40,40,40,70,40,20,2,0,50,190,Lava Pokémon
219,Magcargo,fire,rock,430,60,50,120,90,80,30,2,0,50,75,Lava Pokémon
220,Swinub,ice,ground,250,50,50,40,30,30,50,2,0,50,225,Pig Pokémon
221,Piloswine,ice,ground,450,100,100,80,60,60,50,2,0,50,75,Swine Pokémon
222,Corsola,water,rock,410,65,55,95,65,95,35,2,0,24.6,60,Coral Pokémon
223,Remoraid,water,,300,35,65,35,65,35,65,2,0,50,190,Jet Pokémon
224,Octillery,water,,480,75,105,75,105,75,45,2,0,50,75,Jet Pokémon
225,Delibird,ice,flying,330,45,55,45,65,45,75,2,0,50,45,Delivery Pokémon
226,Mantine,water,flying,485,85,40,70,80,140,70,2,0,50,25,Kite Pokémon
227,Skarmory,steel,flying,465,65,80,140,40,70,70,2,0,50,25,Armor Bird Pokémon
228,Houndour,dark,fire,330,45,60,30,80,50,65,2,0,50,120,Dark Pokémon
229,Houndoom,dark,fire,600,75,90,90,140,90,115,2,0,50,45,Dark Pokémon
230,Kingdra,water,dragon,540,75,95,95,95,95,85,2,0,50,45,Dragon Pokémon
231,Phanpy,ground,,330,90,60,60,40,40,40,2,0,50,120,Long Nose Pokémon
232,Donphan,ground,,500,90,120,120,60,60,50,2,0,50,60,Armor Pokémon
233,Porygon2,normal,,515,85,80,90,105,95,60,2,0,,45,Virtual Pokémon
234,Stantler,normal,,465,73,95,62,85,65,85,2,0,50,45,Big Horn Pokémon
235,Smeargle,normal,,250,55,20,35,20,45,75,2,0,50,45,Painter Pokémon
236,Tyrogue,fighting,,210,35,35,35,35,35,35,2,0,100,75,Scuffle Pokémon
237,Hitmontop,fighting,,455,50,95,95,35,110,70,2,0,100,45,Handstand Pokémon
238,Smoochum,ice,psychic,305,45,30,15,85,65,65,2,0,0,45,Kiss Pokémon
239,Elekid,electric,,360,45,63,37,65,55,95,2,0,75.4,45,Electric Pokémon
240,Magby,fire,,365,45,75,37,70,55,83,2,0,75.4,45,Live Coal Pokémon
241,Miltank,normal,,490,95,80,105,40,70,100,2,0,0,45,Milk Cow Pokémon
242,Blissey,normal,,540,255,10,10,75,135,55,2,0,0,30,Happiness Pokémon
243,Raikou,electric,,580,90,85,75,115,100,115,2,1,,3,Thunder Pokémon
244,Entei,fire,,580,115,115,85,90,75,100,2,1,,3,Volcano Pokémon
245,Suicune,water,,580,100,75,115,90,115,85,2,1,,3,Aurora Pokémon
246,Larvitar,rock,ground,300,50,64,50,45,50,41,2,0,50,45,Rock Skin Pokémon
247,Pupitar,rock,ground,410,70,84,70,65,70,51,2,0,50,45,Hard Shell Pokémon
248,Tyranitar,rock,dark,700,100,164,150,95,120,71,2,0,50,45,Armor Pokémon
249,Lugia,psychic,flying,680,106,90,130,90,154,110,2,1,,3,Diving Pokémon
250,Ho-Oh,fire,flying,680,106,130,90,110,154,90,2,1,,3,Rainbow Pokémon
251,Celebi,psychic,grass,600,100,100,100,100,100,100,2,1,,45,Time Travel Pokémon
252,Treecko,grass,,310,40,45,35,65,55,70,3,0,88.1,45,Wood Gecko Pokémon
253,Grovyle,grass,,405,50,65,45,85,65,95,3,0,88.1,45,Wood Gecko Pokémon
254,Sceptile,grass,,630,70,110,75,145,85,145,3,0,88.1,45,Forest Pokémon
255,Torchic,fire,,310,45,60,40,70,50,45,3,0,88.1,45,Chick Pokémon
256,Combusken,fire,fighting,405,60,85,60,85,60,55,3,0,88.1,45,Young Fowl Pokémon
257,Blaziken,fire,fighting,630,80,160,80,130,80,100,3,0,88.1,45,Blaze Pokémon
258,Mudkip,water,,310,50,70,50,50,50,40,3,0,88.1,45,Mud Fish Pokémon
259,Marshtomp,water,ground,405,70,85,70,60,70,50,3,0,88.1,45,Mud Fish Pokémon
260,Swampert,water,ground,635,100,150,110,95,110,70,3,0,88.1,45,Mud Fish Pokémon
261,Poochyena,dark,,220,35,55,35,30,30,35,3,0,50,255,Bite Pokémon
262,Mightyena,dark,,420,70,90,70,60,60,70,3,0,50,127,Bite Pokémon
263,Zigzagoon,normal,,240,38,30,41,30,41,60,3,0,50,255,Tiny Racoon Pokémon
264,Linoone,normal,,420,78,70,61,50,61,100,3,0,50,90,Rush Pokémon
265,Wurmple,bug,,195,45,45,35,20,30,20,3,0,50,255,Worm Pokémon
266,Silcoon,bug,,205,50,35,55,25,25,15,3,0,50,120,Cocoon Pokémon
267,Beautifly,bug,flying,395,60,70,50,100,50,65,3,0,50,45,Butterfly Pokémon
268,Cascoon,bug,,205,50,35,55,25,25,15,3,0,50,120,Cocoon Pokémon
269,Dustox,bug,poison,385,60,50,70,50,90,65,3,0,50,45,Poison Moth Pokémon
270,Lotad,water,grass,220,40,30,30,40,50,30,3,0,50,255,Water Weed Pokémon
271,Lombre,water,grass,340,60,50,50,60,70,50,3,0,50,120,Jolly Pokémon
272,Ludicolo,water,grass,480,80,70,70,90,100,70,3,0,50,45,Carefree Pokémon
273,Seedot,grass,,220,40,40,50,30,30,30,3,0,50,255,Acorn Pokémon
274,Nuzleaf,grass,dark,340,70,70,40,60,40,60,3,0,50,120,Wily Pokémon
275,Shiftry,grass,dark,480,90,100,60,90,60,80,3,0,50,45,Wickid Pokémon
276,Taillow,normal,flying,270,40,55,30,30,30,85,3,0,50,200,TinySwallow Pokémon
277,Swellow,normal,flying,455,60,85,60,75,50,125,3,0,50,45,Swallow Pokémon
278,Wingull,water,flying,270,40,30,30,55,30,85,3,0,50,190,Seagull Pokémon
279,Pelipper,water,flying,440,60,50,100,95,70,65,3,0,50,45,Water Bird Pokémon
280,Ralts,psychic,fairy,198,28,25,25,45,35,40,3,0,50,235,Feeling Pokémon
281,Kirlia,psychic,fairy,278,38,35,35,65,55,50,3,0,50,120,Emotion Pokémon
282,Gardevoir,psychic,fairy,618,68,85,65,165,135,100,3,0,50,45,Embrace Pokémon
283,Surskit,bug,water,269,40,30,32,50,52,65,3,0,50,200,Pond Skater Pokémon
284,Masquerain,bug,flying,454,70,60,62,100,82,80,3,0,50,75,Eyeball Pokémon
285,Shroomish,grass,,295,60,40,60,40,60,35,3,0,50,255,Mushroom Pokémon
286,Breloom,grass,fighting,460,60,130,80,60,60,70,3,0,50,90,Mushroom Pokémon
287,Slakoth,normal,,280,60,60,60,35,35,30,3,0,50,255,Slacker Pokémon
288,Vigoroth,normal,,440,80,80,80,55,55,90,3,0,50,120,Wild Monkey Pokémon
289,Slaking,normal,,670,150,160,100,95,65,100,3,0,50,45,Lazy Pokémon
290,Nincada,bug,ground,266,31,45,90,30,30,40,3,0,50,255,Trainee Pokémon
291,Ninjask,bug,flying,456,61,90,45,50,50,160,3,0,50,120,Ninja Pokémon
292,Shedinja,bug,ghost,236,1,90,45,30,30,40,3,0,,45,Shed Pokémon
293,Whismur,normal,,240,64,51,23,51,23,28,3,0,50,190,Whisper Pokémon
294,Loudred,normal,,360,84,71,43,71,43,48,3,0,50,120,Big Voice Pokémon
295,Exploud,normal,,490,104,91,63,91,73,68,3,0,50,45,Loud Noise Pokémon
296,Makuhita,fighting,,237,72,60,30,20,30,25,3,0,75.4,180,Guts Pokémon
297,Hariyama,fighting,,474,144,120,60,40,60,50,3,0,75.4,200,Arm Thrust Pokémon
298,Azurill,normal,fairy,190,50,20,40,20,40,20,3,0,24.6,150,Polka Dot Pokémon
299,Nosepass,rock,,375,30,45,135,45,90,30,3,0,50,255,Compass Pokémon
300,Skitty,normal,,260,50,45,45,35,35,50,3,0,24.6,255,Kitten Pokémon
301,Delcatty,normal,,400,70,65,65,55,55,90,3,0,24.6,60,Prim Pokémon
302,Sableye,dark,ghost,480,50,85,125,85,115,20,3,0,50,45,Darkness Pokémon
303,Mawile,steel,fairy,480,50,105,125,55,95,50,3,0,50,45,Deceiver Pokémon
304,Aron,steel,rock,330,50,70,100,40,40,30,3,0,50,180,Iron Armor Pokémon
305,Lairon,steel,rock,430,60,90,140,50,50,40,3,0,50,90,Iron Armor Pokémon
306,Aggron,steel,rock,630,70,140,230,60,80,50,3,0,50,45,Iron Armor Pokémon
307,Meditite,fighting,psychic,280,30,40,55,40,55,60,3,0,50,180,Meditate Pokémon
308,Medicham,fighting,psychic,510,60,100,85,80,85,100,3,0,50,90,Meditate Pokémon
309,Electrike,electric,,295,40,45,40,65,40,65,3,0,50,120,Lightning Pokémon
310,Manectric,electric,,575,70,75,80,135,80,135,3,0,50,45,Discharge Pokémon
311,Plusle,electric,,405,60,50,40,85,75,95,3,0,50,200,Cheering Pokémon
312,Minun,electric,,405,60,40,50,75,85,95,3,0,50,200,Cheering Pokémon
313,Volbeat,bug,,430,65,73,75,47,85,85,3,0,100,150,Firefly Pokémon
314,Illumise,bug,,430,65,47,75,73,85,85,3,0,0,150,Firefly Pokémon
315,Roselia,grass,poison,400,50,60,45,100,80,65,3,0,50,150,Thorn Pokémon
316,Gulpin,poison,,302,70,43,53,43,53,40,3,0,50,225,Stomach Pokémon
317,Swalot,poison,,467,100,73,83,73,83,55,3,0,50,75,Poison Bag Pokémon
318,Carvanha,water,dark,305,45,90,20,65,20,65,3,0,50,225,Savage Pokémon
319,Sharpedo,water,dark,560,70,140,70,110,65,105,3,0,50,60,Brutal Pokémon
320,Wailmer,water,,400,130,70,35,70,35,60,3,0,50,125,Ball Whale Pokémon
321,Wailord,water,,500,170,90,45,90,45,60,3,0,50,60,Float Whale Pokémon
322,Numel,fire,ground,305,60,60,40,65,45,35,3,0,50,255,Numb Pokémon
323,Camerupt,fire,ground,560,70,120,100,145,105,20,3,0,50,150,Eruption Pokémon
324,Torkoal,fire,,470,70,85,140,85,70,20,3,0,50,90,Coal Pokémon
325,Spoink,psychic,,330,60,25,35,70,80,60,3,0,50,255,Bounce Pokémon
326,Grumpig,psychic,,470,80,45,65,90,110,80,3,0,50,60,Manipulate Pokémon
327,Spinda,normal,,360,60,60,60,60,60,60,3,0,50,255,Spot Panda Pokémon
328,Trapinch,ground,,290,45,100,45,45,45,10,3,0,50,255,Ant Pit Pokémon
329,Vibrava,ground,dragon,340,50,70,50,50,50,70,3,0,50,120,Vibration Pokémon
330,Flygon,ground,dragon,520,80,100,80,80,80,100,3,0,50,45,Mystic Pokémon
331,Cacnea,grass,,335,50,85,40,85,40,35,3,0,50,190,Cactus Pokémon
332,Cacturne,grass,dark,475,70,115,60,115,60,55,3,0,50,60,Scarecrow Pokémon
333,Swablu,normal,flying,310,45,40,60,40,75,50,3,0,50,255,Cotton Bird Pokémon
334,Altaria,dragon,flying,590,75,110,110,110,105,80,3,0,50,45,Humming Pokémon
335,Zangoose,normal,,458,73,115,60,60,60,90,3,0,50,90,Cat Ferret Pokémon
336,Seviper,poison,,458,73,100,60,100,60,65,3,0,50,90,Fang Snake Pokémon
337,Lunatone,rock,psychic,460,90,55,65,95,85,70,3,0,,45,Meteorite Pokémon
338,Solrock,rock,psychic,460,90,95,85,55,65,70,3,0,,45,Meteorite Pokémon
339,Barboach,water,ground,288,50,48,43,46,41,60,3,0,50,190,Whiskers Pokémon
340,Whiscash,water,ground,468,110,78,73,76,71,60,3,0,50,75,Whiskers Pokémon
341,Corphish,water,,308,43,80,65,50,35,35,3,0,50,205,Ruffian Pokémon
342,Crawdaunt,water,dark,468,63,120,85,90,55,55,3,0,50,155,Rogue Pokémon
343,Baltoy,ground,psychic,300,40,40,55,40,70,55,3,0,,255,Clay Doll Pokémon
344,Claydol,ground,psychic,500,60,70,105,70,120,75,3,0,,90,Clay Doll Pokémon
345,Lileep,rock,grass,355,66,41,77,61,87,23,3,0,88.1,45,Sea Lily Pokémon
346,Cradily,rock,grass,495,86,81,97,81,107,43,3,0,88.1,45,Barnacle Pokémon
347,Anorith,rock,bug,355,45,95,50,40,50,75,3,0,88.1,45,Old Shrimp Pokémon
348,Armaldo,rock,bug,495,75,125,100,70,80,45,3,0,88.1,45,Plate Pokémon
349,Feebas,water,,200,20,15,20,10,55,80,3,0,50,255,Fish Pokémon
350,Milotic,water,,540,95,60,79,100,125,81,3,0,50,60,Tender Pokémon
351,Castform,normal,,420,70,70,70,70,70,70,3,0,50,45,Weather Pokémon
352,Kecleon,normal,,440,60,90,70,60,120,40,3,0,50,200,Color Swap Pokémon
353,Shuppet,ghost,,295,44,75,35,63,33,45,3,0,50,225,Puppet Pokémon
354,Banette,ghost,,555,64,165,75,93,83,75,3,0,50,45,Marionette Pokémon
355,Duskull,ghost,,295,20,40,90,30,90,25,3,0,50,190,Requiem Pokémon
356,Dusclops,ghost,,455,40,70,130,60,130,25,3,0,50,90,Beckon Pokémon
357,Tropius,grass,flying,460,99,68,83,72,87,51,3,0,50,200,Fruit Pokémon
358,Chimecho,psychic,,455,75,50,80,95,90,65,3,0,50,45,Wind Chime Pokémon
359,Absol,dark,,565,65,150,60,115,60,115,3,0,50,30,Disaster Pokémon
360,Wynaut,psychic,,260,95,23,48,23,48,23,3,0,50,125,Bright Pokémon
361,Snorunt,ice,,300,50,50,50,50,50,50,3,0,50,190,Snow Hat Pokémon
362,Glalie,ice,,580,80,120,80,120,80,100,3,0,50,75,Face Pokémon
363,Spheal,ice,water,290,70,40,50,55,50,25,3,0,50,255,Clap Pokémon
364,Sealeo,ice,water,410,90,60,70,75,70,45,3,0,50,120,Ball Roll Pokémon
365,Walrein,ice,water,530,110,80,90,95,90,65,3,0,50,45,Ice Break Pokémon
366,Clamperl,water,,345,35,64,85,74,55,32,3,0,50,255,Bivalve Pokémon
367,Huntail,water,,485,55,104,105,94,75,52,3,0,50,60,Deep Sea Pokémon
368,Gorebyss,water,,485,55,84,105,114,75,52,3,0,50,60,South Sea Pokémon
369,Relicanth,water,rock,485,100,90,130,45,65,55,3,0,88.1,25,Longevity Pokémon
370,Luvdisc,water,,330,43,30,55,40,65,97,3,0,24.6,225,Rendezvous Pokémon
371,Bagon,dragon,,300,45,75,60,40,30,50,3,0,50,45,Rock Head Pokémon
372,Shelgon,dragon,,420,65,95,100,60,50,50,3,0,50,45,Endurance Pokémon
373,Salamence,dragon,flying,700,95,145,130,120,90,120,3,0,50,45,Dragon Pokémon
374,Beldum,steel,psychic,300,40,55,80,35,60,30,3,0,,3,Iron Ball Pokémon
375,Metang,steel,psychic,420,60,75,100,55,80,50,3,0,,3,Iron Claw Pokémon
376,Metagross,steel,psychic,700,80,145,150,105,110,110,3,0,,3,Iron Leg Pokémon
377,Regirock,rock,,580,80,100,200,50,100,50,3,1,,3,Rock Peak Pokémon
378,Regice,ice,,580,80,50,100,100,200,50,3,1,,3,Iceberg Pokémon
379,Registeel,steel,,580,80,75,150,75,150,50,3,1,,3,Iron Pokémon
380,Latias,dragon,psychic,700,80,100,120,140,150,110,3,1,0,3,Eon Pokémon
381,Latios,dragon,psychic,700,80,130,100,160,120,110,3,1,100,3,Eon Pokémon
382,Kyogre,water,,770,100,150,90,180,160,90,3,1,,3,Sea Basin Pokémon
383,Groudon,ground,,770,100,180,160,150,90,90,3,1,,3,Continent Pokémon
384,Rayquaza,dragon,flying,780,105,180,100,180,100,115,3,1,,45,Sky High Pokémon
385,Jirachi,steel,psychic,600,100,100,100,100,100,100,3,1,,3,Wish Pokémon
386,Deoxys,psychic,,600,50,95,90,95,90,180,3,1,,3,DNA Pokémon
387,Turtwig,grass,,318,55,68,64,45,55,31,4,0,88.1,45,Tiny Leaf Pokémon
388,Grotle,grass,,405,75,89,85,55,65,36,4,0,88.1,45,Grove Pokémon
389,Torterra,grass,ground,525,95,109,105,75,85,56,4,0,88.1,45,Continent Pokémon
390,Chimchar,fire,,309,44,58,44,58,44,61,4,0,88.1,45,Chimp Pokémon
391,Monferno,fire,fighting,405,64,78,52,78,52,81,4,0,88.1,45,Playful Pokémon
392,Infernape,fire,fighting,534,76,104,71,104,71,108,4,0,88.1,45,Flame Pokémon
393,Piplup,water,,314,53,51,53,61,56,40,4,0,88.1,45,Penguin Pokémon
394,Prinplup,water,,405,64,66,68,81,76,50,4,0,88.1,45,Penguin Pokémon
395,Empoleon,water,steel,530,84,86,88,111,101,60,4,0,88.1,45,Emperor Pokémon
396,Starly,normal,flying,245,40,55,30,30,30,60,4,0,50,255,Starling Pokémon
397,Staravia,normal,flying,340,55,75,50,40,40,80,4,0,50,120,Starling Pokémon
398,Staraptor,normal,flying,485,85,120,70,50,60,100,4,0,50,45,Predator Pokémon
399,Bidoof,normal,,250,59,45,40,35,40,31,4,0,50,255,Plump Mouse Pokémon
400,Bibarel,normal,water,410,79,85,60,55,60,71,4,0,50,127,Beaver Pokémon
401,Kricketot,bug,,194,37,25,41,25,41,25,4,0,50,255,Cricket Pokémon
402,Kricketune,bug,,384,77,85,51,55,51,65,4,0,50,45,Cricket Pokémon
403,Shinx,electric,,263,45,65,34,40,34,45,4,0,50,235,Flash Pokémon
404,Luxio,electric,,363,60,85,49,60,49,60,4,0,50,120,Spark Pokémon
405,Luxray,electric,,523,80,120,79,95,79,70,4,0,50,45,Gleam Eyes Pokémon
406,Budew,grass,poison,280,40,30,35,50,70,55,4,0,50,255,Bud Pokémon
407,Roserade,grass,poison,515,60,70,65,125,105,90,4,0,50,75,Bouquet Pokémon
408,Cranidos,rock,,350,67,125,40,30,30,58,4,0,88.1,45,Head Butt Pokémon
409,Rampardos,rock,,495,97,165,60,65,50,58,4,0,88.1,45,Head Butt Pokémon
410,Shieldon,rock,steel,350,30,42,118,42,88,30,4,0,88.1,45,Shield Pokémon
411,Bastiodon,rock,steel,495,60,52,168,47,138,30,4,0,88.1,45,Shield Pokémon
412,Burmy,bug,,224,40,29,45,29,45,36,4,0,50,120,Bagworm Pokémon
413,Wormadam,bug,grass,424,60,69,95,69,95,36,4,0,0,45,Bagworm Pokémon
414,Mothim,bug,flying,424,70,94,50,94,50,66,4,0,100,45,Moth Pokémon
415,Combee,bug,flying,244,30,30,42,30,42,70,4,0,88.1,120,Tiny Bee Pokémon
416,Vespiquen,bug,flying,474,70,80,102,80,102,40,4,0,0,45,Beehive Pokémon
417,Pachirisu,electric,,405,60,45,70,45,90,95,4,0,50,200,EleSquirrel Pokémon
418,Buizel,water,,330,55,65,35,60,30,85,4,0,50,190,Sea Weasel Pokémon
419,Floatzel,water,,495,85,105,55,85,50,115,4,0,50,75,Sea Weasel Pokémon
420,Cherubi,grass,,275,45,35,45,62,53,35,4,0,50,190,Cherry Pokémon
421,Cherrim,grass,,450,70,60,70,87,78,85,4,0,50,75,Blossom Pokémon
422,Shellos,water,,325,76,48,48,57,62,34,4,0,50,190,Sea Slug Pokémon
423,Gastrodon,water,ground,475,111,83,68,92,82,39,4,0,50,75,Sea Slug Pokémon
424,Ambipom,normal,,482,75,100,66,60,66,115,4,0,50,45,Long Tail Pokémon
425,Drifloon,ghost,flying,348,90,50,34,60,44,70,4,0,50,125,Balloon Pokémon
426,Drifblim,ghost,flying,498,150,80,44,90,54,80,4,0,50,60,Blimp Pokémon
427,Buneary,normal,,350,55,66,44,44,56,85,4,0,50,190,Rabbit Pokémon
428,Lopunny,normal,,580,65,136,94,54,96,135,4,0,50,60,Rabbit Pokémon
429,Mismagius,ghost,,495,60,60,60,105,105,105,4,0,50,45,Magical Pokémon
430,Honchkrow,dark,flying,505,100,125,52,105,52,71,4,0,50,30,Big Boss Pokémon
431,Glameow,normal,,310,49,55,42,42,37,85,4,0,24.6,190,Catty Pokémon
432,Purugly,normal,,452,71,82,64,64,59,112,4,0,24.6,75,Tiger Cat Pokémon
433,Chingling,psychic,,285,45,30,50,65,50,45,4,0,50,120,Bell Pokémon
434,Stunky,poison,dark,329,63,63,47,41,41,74,4,0,50,225,Skunk Pokémon
435,Skuntank,poison,dark,479,103,93,67,71,61,84,4,0,50,60,Skunk Pokémon
436,Bronzor,steel,psychic,300,57,24,86,24,86,23,4,0,,255,Bronze Pokémon
437,Bronzong,steel,psychic,500,67,89,116,79,116,33,4,0,,90,Bronze Bell Pokémon
438,Bonsly,rock,,290,50,80,95,10,45,10,4,0,50,255,Bonsai Pokémon
439,Mime Jr.,psychic,fairy,310,20,25,45,70,90,60,4,0,50,145,Mime Pokémon
440,Happiny,normal,,220,100,5,5,15,65,30,4,0,0,130,Playhouse Pokémon
441,Chatot,normal,flying,411,76,65,45,92,42,91,4,0,50,30,Music Note Pokémon
442,Spiritomb,ghost,dark,485,50,92,108,92,108,35,4,0,50,100,Forbidden Pokémon
443,Gible,dragon,ground,300,58,70,45,40,45,42,4,0,50,45,Land Shark Pokémon
444,Gabite,dragon,ground,410,68,90,65,50,55,82,4,0,50,45,Cave Pokémon
445,Garchomp,dragon,ground,700,108,170,115,120,95,92,4,0,50,45,Mach Pokémon
446,Munchlax,normal,,390,135,85,40,40,85,5,4,0,88.1,50,Big Eater Pokémon
447,Riolu,fighting,,285,40,70,40,35,40,60,4,0,88.1,75,Emanation Pokémon
448,Lucario,fighting,steel,625,70,145,88,140,70,112,4,0,88.1,45,Aura Pokémon
449,Hippopotas,ground,,330,68,72,78,38,42,32,4,0,50,140,Hippo Pokémon
450,Hippowdon,ground,,525,108,112,118,68,72,47,4,0,50,60,Heavyweight Pokémon
451,Skorupi,poison,bug,330,40,50,90,30,55,65,4,0,50,120,Scorpion Pokémon
452,Drapion,poison,dark,500,70,90,110,60,75,95,4,0,50,45,Ogre Scorp Pokémon
453,Croagunk,poison,fighting,300,48,61,40,61,40,50,4,0,50,140,Toxic Mouth Pokémon
454,Toxicroak,poison,fighting,490,83,106,65,86,65,85,4,0,50,75,Toxic Mouth Pokémon
455,Carnivine,grass,,454,74,100,72,90,72,46,4,0,50,200,Bug Catcher Pokémon
456,Finneon,water,,330,49,49,56,49,61,66,4,0,50,190,Wing Fish Pokémon
457,Lumineon,water,,460,69,69,76,69,86,91,4,0,50,75,Neon Pokémon
458,Mantyke,water,flying,345,45,20,50,60,120,50,4,0,50,25,Kite Pokémon
459,Snover,grass,ice,334,60,62,50,62,60,40,4,0,50,120,Frosted Tree Pokémon
460,Abomasnow,grass,ice,594,90,132,105,132,105,30,4,0,50,60,Frosted Tree Pokémon
461,Weavile,dark,ice,510,70,120,65,45,85,125,4,0,50,45,Sharp Claw Pokémon
462,Magnezone,electric,steel,535,70,70,115,130,90,60,4,0,,30,Magnet Area Pokémon
463,Lickilicky,normal,,515,110,85,95,80,95,50,4,0,50,30,Licking Pokémon
464,Rhyperior,ground,rock,535,115,140,130,55,55,40,4,0,50,30,Drill Pokémon
465,Tangrowth,grass,,535,100,100,125,110,50,50,4,0,50,30,Vine Pokémon
466,Electivire,electric,,540,75,123,67,95,85,95,4,0,75.4,30,Thunderbolt Pokémon
467,Magmortar,fire,,540,75,95,67,125,95,83,4,0,75.4,30,Blast Pokémon
468,Togekiss,fairy,flying,545,85,50,95,120,115,80,4,0,88.1,30,Jubilee Pokémon
469,Yanmega,bug,flying,515,86,76,86,116,56,95,4,0,50,30,Ogre Darner Pokémon
470,Leafeon,grass,,525,65,110,130,60,65,95,4,0,88.1,45,Verdant Pokémon
471,Glaceon,ice,,525,65,60,110,130,95,65,4,0,88.1,45,Fresh Snow Pokémon
472,Gliscor,ground,flying,510,75,95,125,45,75,95,4,0,50,30,Fang Scorp Pokémon
473,Mamoswine,ice,ground,530,110,130,80,70,60,80,4,0,50,50,Twin Tusk Pokémon
474,Porygon-Z,normal,,535,85,80,70,135,75,90,4,0,,30,Virtual Pokémon
475,Gallade,psychic,fighting,618,68,165,95,65,115,110,4,0,100,45,Blade Pokémon
476,Probopass,rock,steel,525,60,55,145,75,150,40,4,0,50,60,Compass Pokémon
477,Dusknoir,ghost,,525,45,100,135,65,135,45,4,0,50,45,Gripper Pokémon
478,Froslass,ice,ghost,480,70,80,70,80,70,110,4,0,0,75,Snow Land Pokémon
479,Rotom,electric,ghost,520,50,65,107,105,107,86,4,0,,45,Plasma Pokémon
480,Uxie,psychic,,580,75,75,130,75,130,95,4,1,,3,Knowledge Pokémon
481,Mesprit,psychic,,580,80,105,105,105,105,80,4,1,,3,Emotion Pokémon
482,Azelf,psychic,,580,75,125,70,125,70,115,4,1,,3,Willpower Pokémon
483,Dialga,steel,dragon,680,100,120,120,150,100,90,4,1,,3,Temporal Pokémon
484,Palkia,water,dragon,680,90,120,100,150,120,100,4,1,,3,Spatial Pokémon
485,Heatran,fire,steel,600,91,90,106,130,106,77,4,1,50,3,Lava Dome Pokémon
486,Regigigas,normal,,670,110,160,110,80,110,100,4,1,,3,Colossal Pokémon
487,Giratina,ghost,dragon,680,150,120,100,120,100,90,4,1,,3,Renegade Pokémon
488,Cresselia,psychic,,600,120,70,120,75,130,85,4,1,0,3,Lunar Pokémon
489,Phione,water,,480,80,80,80,80,80,80,4,0,,30,Sea Drifter Pokémon
490,Manaphy,water,,600,100,100,100,100,100,100,4,1,,3,Seafaring Pokémon
491,Darkrai,dark,,600,70,90,90,135,90,125,4,1,,3,Pitch-Black Pokémon
492,Shaymin,grass,grass,600,100,103,75,120,75,127,4,1,,45,Gratitude Pokémon
493,Arceus,normal,,720,120,120,120,120,120,120,4,1,,3,Alpha Pokémon
494,Victini,psychic,fire,600,100,100,100,100,100,100,5,1,,3,Victory Pokémon
495,Snivy,grass,,308,45,45,55,45,55,63,5,0,88.1,45,Grass Snake Pokémon
496,Servine,grass,,413,60,60,75,60,75,83,5,0,88.1,45,Grass Snake Pokémon
497,Serperior,grass,,528,75,75,95,75,95,113,5,0,88.1,45,Regal Pokémon
498,Tepig,fire,,308,65,63,45,45,45,45,5,0,88.1,45,Fire Pig Pokémon
499,Pignite,fire,fighting,418,90,93,55,70,55,55,5,0,88.1,45,Fire Pig Pokémon
500,Emboar,fire,fighting,528,110,123,65,100,65,65,5,0,88.1,45,Mega Fire Pig Pokémon
501,Oshawott,water,,308,55,55,45,63,45,45,5,0,88.1,45,Sea Otter Pokémon
502,Dewott,water,,413,75,75,60,83,60,60,5,0,88.1,45,Discipline Pokémon
503,Samurott,water,,528,95,100,85,108,70,70,5,0,88.1,45,Formidable Pokémon
504,Patrat,normal,,255,45,55,39,35,39,42,5,0,50,255,Scout Pokémon
505,Watchog,normal,,420,60,85,69,60,69,77,5,0,50,255,Lookout Pokémon
506,Lillipup,normal,,275,45,60,45,25,45,55,5,0,50,255,Puppy Pokémon
507,Herdier,normal,,370,65,80,65,35,65,60,5,0,50,120,Loyal Dog Pokémon
508,Stoutland,normal,,500,85,110,90,45,90,80,5,0,50,45,Big-Hearted Pokémon
509,Purrloin,dark,,281,41,50,37,50,37,66,5,0,50,255,Devious Pokémon
510,Liepard,dark,,446,64,88,50,88,50,106,5,0,50,90,Cruel Pokémon
511,Pansage,grass,,316,50,53,48,53,48,64,5,0,88.1,190,Grass Monkey Pokémon
512,Simisage,grass,,498,75,98,63,98,63,101,5,0,88.1,75,Thorn Monkey Pokémon
513,Pansear,fire,,316,50,53,48,53,48,64,5,0,88.1,190,High Temp Pokémon
514,Simisear,fire,,498,75,98,63,98,63,101,5,0,88.1,75,Ember Pokémon
515,Panpour,water,,316,50,53,48,53,48,64,5,0,88.1,190,Spray Pokémon
516,Simipour,water,,498,75,98,63,98,63,101,5,0,88.1,75,Geyser Pokémon
517,Munna,psychic,,292,76,25,45,67,55,24,5,0,50,190,Dream Eater Pokémon
518,Musharna,psychic,,487,116,55,85,107,95,29,5,0,50,75,Drowsing Pokémon
519,Pidove,normal,flying,264,50,55,50,36,30,43,5,0,50,255,Tiny Pigeon Pokémon
520,Tranquill,normal,flying,358,62,77,62,50,42,65,5,0,50,120,Wild Pigeon Pokémon
521,Unfezant,normal,flying,488,80,115,80,65,55,93,5,0,50,45,Proud Pokémon
522,Blitzle,electric,,295,45,60,32,50,32,76,5,0,50,190,Electrified Pokémon
523,Zebstrika,electric,,497,75,100,63,80,63,116,5,0,50,75,Thunderbolt Pokémon
524,Roggenrola,rock,,280,55,75,85,25,25,15,5,0,50,255,Mantle Pokémon
525,Boldore,rock,,390,70,105,105,50,40,20,5,0,50,120,Ore Pokémon
526,Gigalith,rock,,515,85,135,130,60,80,25,5,0,50,45,Compressed Pokémon
527,Woobat,psychic,flying,323,65,45,43,55,43,72,5,0,50,190,Bat Pokémon
528,Swoobat,psychic,flying,425,67,57,55,77,55,114,5,0,50,45,Courting Pokémon
529,Drilbur,ground,,328,60,85,40,30,45,68,5,0,50,120,Mole Pokémon
530,Excadrill,ground,steel,508,110,135,60,50,65,88,5,0,50,60,Subterrene Pokémon
531,Audino,normal,,545,103,60,126,80,126,50,5,0,50,255,Hearing Pokémon
532,Timburr,fighting,,305,75,80,55,25,35,35,5,0,75.4,180,Muscular Pokémon
533,Gurdurr,fighting,,405,85,105,85,40,50,40,5,0,75.4,90,Muscular Pokémon
534,Conkeldurr,fighting,,505,105,140,95,55,65,45,5,0,75.4,45,Muscular Pokémon
535,Tympole,water,,294,50,50,40,50,40,64,5,0,50,255,Tadpole Pokémon
536,Palpitoad,water,ground,384,75,65,55,65,55,69,5,0,50,120,Vibration Pokémon
537,Seismitoad,water,ground,509,105,95,75,85,75,74,5,0,50,45,Vibration Pokémon
538,Throh,fighting,,465,120,100,85,30,85,45,5,0,100,45,Judo Pokémon
539,Sawk,fighting,,465,75,125,75,30,75,85,5,0,100,45,Karate Pokémon
540,Sewaddle,bug,grass,310,45,53,70,40,60,42,5,0,50,255,Sewing Pokémon
541,Swadloon,bug,grass,380,55,63,90,50,80,42,5,0,50,120,Leaf-Wrapped Pokémon
542,Leavanny,bug,grass,500,75,103,80,70,80,92,5,0,50,45,Nurturing Pokémon
543,Venipede,bug,poison,260,30,45,59,30,39,57,5,0,50,255,Centipede Pokémon
544,Whirlipede,bug,poison,360,40,55,99,40,79,47,5,0,50,120,Curlipede Pokémon
545,Scolipede,bug,poison,485,60,100,89,55,69,112,5,0,50,45,Megapede Pokémon
546,Cottonee,grass,fairy,280,40,27,60,37,50,66,5,0,50,190,Cotton Puff Pokémon
547,Whimsicott,grass,fairy,480,60,67,85,77,75,116,5,0,50,75,Windveiled Pokémon
548,Petilil,grass,,280,45,35,50,70,50,30,5,0,0,190,Bulb Pokémon
549,Lilligant,grass,,480,70,60,75,110,75,90,5,0,0,75,Flowering Pokémon
550,Basculin,water,,460,70,92,65,80,55,98,5,0,50,25,Hostile Pokémon
551,Sandile,ground,dark,292,50,72,35,35,35,65,5,0,50,180,Desert Croc Pokémon
552,Krokorok,ground,dark,351,60,82,45,45,45,74,5,0,50,90,Desert Croc Pokémon
553,Krookodile,ground,dark,519,95,117,80,65,70,92,5,0,50,45,Intimidation Pokémon
554,Darumaka,fire,,315,70,90,45,15,45,50,5,0,50,120,Zen Charm Pokémon
555,Darmanitan,fire,fire,540,105,30,105,140,105,55,5,0,50,60,Blazing Pokémon
556,Maractus,grass,,461,75,86,67,106,67,60,5,0,50,255,Cactus Pokémon
557,Dwebble,bug,rock,325,50,65,85,35,35,55,5,0,50,190,Rock Inn Pokémon
558,Crustle,bug,rock,485,70,105,125,65,75,45,5,0,50,75,Stone Home Pokémon
559,Scraggy,dark,fighting,348,50,75,70,35,70,48,5,0,50,180,Shedding Pokémon
560,Scrafty,dark,fighting,488,65,90,115,45,115,58,5,0,50,90,Hoodlum Pokémon
561,Sigilyph,psychic,flying,490,72,58,80,103,80,97,5,0,50,45,Avianoid Pokémon
562,Yamask,ghost,,303,38,30,85,55,65,30,5,0,50,190,Spirit Pokémon
563,Cofagrigus,ghost,,483,58,50,145,95,105,30,5,0,50,90,Coffin Pokémon
564,Tirtouga,water,rock,355,54,78,103,53,45,22,5,0,88.1,45,Prototurtle Pokémon
565,Carracosta,water,rock,495,74,108,133,83,65,32,5,0,88.1,45,Prototurtle Pokémon
566,Archen,rock,flying,401,55,112,45,74,45,70,5,0,88.1,45,First Bird Pokémon
567,Archeops,rock,flying,567,75,140,65,112,65,110,5,0,88.1,45,First Bird Pokémon
568,Trubbish,poison,,329,50,50,62,40,62,65,5,0,50,190,Trash Bag Pokémon
569,Garbodor,poison,,474,80,95,82,60,82,75,5,0,50,60,Trash Heap Pokémon
570,Zorua,dark,,330,40,65,40,80,40,65,5,0,88.1,75,Tricky Fox Pokémon
571,Zoroark,dark,,510,60,105,60,120,60,105,5,0,88.1,45,Illusion Fox Pokémon
572,Minccino,normal,,300,55,50,40,40,40,75,5,0,24.6,255,Chinchilla Pokémon
573,Cinccino,normal,,470,75,95,60,65,60,115,5,0,24.6,60,Scarf Pokémon
574,Gothita,psychic,,290,45,30,50,55,65,45,5,0,24.6,200,Fixation Pokémon
575,Gothorita,psychic,,390,60,45,70,75,85,55,5,0,24.6,100,Manipulate Pokémon
576,Gothitelle,psychic,,490,70,55,95,95,110,65,5,0,24.6,50,Astral Body Pokémon
577,Solosis,psychic,,290,45,30,40,105,50,20,5,0,50,200,Cell Pokémon
578,Duosion,psychic,,370,65,40,50,125,60,30,5,0,50,100,Mitosis Pokémon
579,Reuniclus,psychic,,490,110,65,75,125,85,30,5,0,50,50,Multiplying Pokémon
580,Ducklett,water,flying,305,62,44,50,44,50,55,5,0,50,190,Water Bird Pokémon
581,Swanna,water,flying,473,75,87,63,87,63,98,5,0,50,45,White Bird Pokémon
582,Vanillite,ice,,305,36,50,50,65,60,44,5,0,50,255,Fresh Snow Pokémon
583,Vanillish,ice,,395,51,65,65,80,75,59,5,0,50,120,Icy Snow Pokémon
584,Vanilluxe,ice,,535,71,95,85,110,95,79,5,0,50,45,Snowstorm Pokémon
585,Deerling,normal,grass,335,60,60,50,40,50,75,5,0,50,190,Season Pokémon
586,Sawsbuck,normal,grass,475,80,100,70,60,70,95,5,0,50,75,Season Pokémon
587,Emolga,electric,flying,428,55,75,60,75,60,103,5,0,50,200,Sky Squirrel Pokémon
588,Karrablast,bug,,315,50,75,45,40,45,60,5,0,50,200,Clamping Pokémon
589,Escavalier,bug,steel,495,70,135,105,60,105,20,5,0,50,75,Cavalry Pokémon
590,Foongus,grass,poison,294,69,55,45,55,55,15,5,0,50,190,Mushroom Pokémon
591,Amoonguss,grass,poison,464,114,85,70,85,80,30,5,0,50,75,Mushroom Pokémon
592,Frillish,water,ghost,335,55,40,50,65,85,40,5,0,50,190,Floating Pokémon
593,Jellicent,water,ghost,480,100,60,70,85,105,60,5,0,50,60,Floating Pokémon
594,Alomomola,water,,470,165,75,80,40,45,65,5,0,50,75,Caring Pokémon
595,Joltik,bug,electric,319,50,47,50,57,50,65,5,0,50,190,Attaching Pokémon
596,Galvantula,bug,electric,472,70,77,60,97,60,108,5,0,50,75,EleSpider Pokémon
597,Ferroseed,grass,steel,305,44,50,91,24,86,10,5,0,50,255,Thorn Seed Pokémon
598,Ferrothorn,grass,steel,489,74,94,131,54,116,20,5,0,50,90,Thorn Pod Pokémon
599,Klink,steel,,300,40,55,70,45,60,30,5,0,,130,Gear Pokémon
600,Klang,steel,,440,60,80,95,70,85,50,5,0,,60,Gear Pokémon
601,Klinklang,steel,,520,60,100,115,70,85,90,5,0,,30,Gear Pokémon
602,Tynamo,electric,,275,35,55,40,45,40,60,5,0,50,190,EleFish Pokémon
603,Eelektrik,electric,,405,65,85,70,75,70,40,5,0,50,60,EleFish Pokémon
604,Eelektross,electric,,515,85,115,80,105,80,50,5,0,50,30,EleFish Pokémon
605,Elgyem,psychic,,335,55,55,55,85,55,30,5,0,50,255,Cerebral Pokémon
606,Beheeyem,psychic,,485,75,75,75,125,95,40,5,0,50,90,Cerebral Pokémon
607,Litwick,ghost,fire,275,50,30,55,65,55,20,5,0,50,190,Candle Pokémon
608,Lampent,ghost,fire,370,60,40,60,95,60,55,5,0,50,90,Lamp Pokémon
609,Chandelure,ghost,fire,520,60,55,90,145,90,80,5,0,50,45,Luring Pokémon
610,Axew,dragon,,320,46,87,60,30,40,57,5,0,50,75,Tusk Pokémon
611,Fraxure,dragon,,410,66,117,70,40,50,67,5,0,50,60,Axe Jaw Pokémon
612,Haxorus,dragon,,540,76,147,90,60,70,97,5,0,50,45,Axe Jaw Pokémon
613,Cubchoo,ice,,305,55,70,40,60,40,40,5,0,50,120,Chill Pokémon
614,Beartic,ice,,505,95,130,80,70,80,50,5,0,50,60,Freezing Pokémon
615,Cryogonal,ice,,515,80,50,50,95,135,105,5,0,,25,Crystallizing Pokémon
616,Shelmet,bug,,305,50,40,85,40,65,25,5,0,50,200,Snail Pokémon
617,Accelgor,bug,,495,80,70,40,100,60,145,5,0,50,75,Shell Out Pokémon
618,Stunfisk,ground,electric,471,109,66,84,81,99,32,5,0,50,75,Trap Pokémon
619,Mienfoo,fighting,,350,45,85,50,55,50,65,5,0,50,180,Martial Arts Pokémon
620,Mienshao,fighting,,510,65,125,60,95,60,105,5,0,50,45,Martial Arts Pokémon
621,Druddigon,dragon,,485,77,120,90,60,90,48,5,0,50,45,Cave Pokémon
622,Golett,ground,ghost,303,59,74,50,35,50,35,5,0,,190,Automaton Pokémon
623,Golurk,ground,ghost,483,89,124,80,55,80,55,5,0,,90,Automaton Pokémon
624,Pawniard,dark,steel,340,45,85,70,40,40,60,5,0,50,120,Sharp Blade Pokémon
625,Bisharp,dark,steel,490,65,125,100,60,70,70,5,0,50,45,Sword Blade Pokémon
626,Bouffalant,normal,,490,95,110,95,40,95,55,5,0,50,45,Bash Buffalo Pokémon
627,Rufflet,normal,flying,350,70,83,50,37,50,60,5,0,100,190,Eaglet Pokémon
628,Braviary,normal,flying,510,100,123,75,57,75,80,5,0,100,60,Valiant Pokémon
629,Vullaby,dark,flying,370,70,55,75,45,65,60,5,0,0,190,Diapered Pokémon
630,Mandibuzz,dark,flying,510,110,65,105,55,95,80,5,0,0,60,Bone Vulture Pokémon
631,Heatmor,fire,,484,85,97,66,105,66,65,5,0,50,90,Anteater Pokémon
632,Durant,bug,steel,484,58,109,112,48,48,109,5,0,50,90,Iron Ant Pokémon
633,Deino,dark,dragon,300,52,65,50,45,50,38,5,0,50,45,Irate Pokémon
634,Zweilous,dark,dragon,420,72,85,70,65,70,58,5,0,50,45,Hostile Pokémon
635,Hydreigon,dark,dragon,600,92,105,90,125,90,98,5,0,50,45,Brutal Pokémon
636,Larvesta,bug,fire,360,55,85,55,50,55,60,5,0,50,45,Torch Pokémon
637,Volcarona,bug,fire,550,85,60,65,135,105,100,5,0,50,15,Sun Pokémon
638,Cobalion,steel,fighting,580,91,90,129,90,72,108,5,1,,3,Iron Will Pokémon
639,Terrakion,rock,fighting,580,91,129,90,72,90,108,5,1,,3,Cavern Pokémon
640,Virizion,grass,fighting,580,91,90,72,90,129,108,5,1,,3,Grassland Pokémon
641,Tornadus,flying,,580,79,100,80,110,90,121,5,1,100,3,Cyclone Pokémon
642,Thundurus,electric,flying,580,79,105,70,145,80,101,5,1,100,3,Bolt Strike Pokémon
643,Reshiram,dragon,fire,680,100,120,100,150,120,90,5,1,,3,Vast White Pokémon
644,Zekrom,dragon,electric,680,100,150,120,120,100,90,5,1,,3,Deep Black Pokémon
645,Landorus,ground,flying,600,89,145,90,105,80,91,5,1,100,3,Abundance Pokémon
646,Kyurem,dragon,ice,700,125,120,90,170,100,95,5,1,,3,Boundary Pokémon
647,Keldeo,water,fighting,580,91,72,90,129,90,108,5,1,,3,Colt Pokémon
648,Meloetta,normal,psychic,600,100,128,90,77,77,128,5,1,,3,Melody Pokémon
649,Genesect,bug,steel,600,71,120,95,120,95,99,5,1,,3,Paleozoic Pokémon
650,Chespin,grass,,313,56,61,65,48,45,38,6,0,88.1,45,Spiky Nut Pokémon
651,Quilladin,grass,,405,61,78,95,56,58,57,6,0,88.1,45,Spiny Armor Pokémon
652,Chesnaught,grass,fighting,530,88,107,122,74,75,64,6,0,88.1,45,Spiny Armor Pokémon
653,Fennekin,fire,,307,40,45,40,62,60,60,6,0,88.1,45,Fox Pokémon
654,Braixen,fire,,409,59,59,58,90,70,73,6,0,88.1,45,Fox Pokémon
655,Delphox,fire,psychic,534,75,69,72,114,100,104,6,0,88.1,45,Fox Pokémon
656,Froakie,water,,314,41,56,40,62,44,71,6,0,88.1,45,Bubble Frog Pokémon
657,Frogadier,water,,405,54,63,52,83,56,97,6,0,88.1,45,Bubble Frog Pokémon
658,Greninja,water,dark,640,72,145,67,153,71,132,6,0,88.1,45,Ninja Pokémon
659,Bunnelby,normal,,237,38,36,38,32,36,57,6,0,50,255,Digging Pokémon
660,Diggersby,normal,ground,423,85,56,77,50,77,78,6,0,50,127,Digging Pokémon
661,Fletchling,normal,flying,278,45,50,43,40,38,62,6,0,50,255,Tiny Robin Pokémon
662,Fletchinder,fire,flying,382,62,73,55,56,52,84,6,0,50,120,Ember Pokémon
663,Talonflame,fire,flying,499,78,81,71,74,69,126,6,0,50,45,Scorching Pokémon
664,Scatterbug,bug,,200,38,35,40,27,25,35,6,0,50,255,Scatterdust Pokémon
665,Spewpa,bug,,213,45,22,60,27,30,29,6,0,50,120,Scatterdust Pokémon
666,Vivillon,bug,flying,411,80,52,50,90,50,89,6,0,50,45,Scale Pokémon
667,Litleo,fire,normal,369,62,50,58,73,54,72,6,0,11.2,220,Lion Cub Pokémon
668,Pyroar,fire,normal,507,86,68,72,109,66,106,6,0,11.2,65,Royal Pokémon
669,Flabébé,fairy,,303,44,38,39,61,79,42,6,0,0,225,Single Bloom Pokémon
670,Floette,fairy,,551,74,65,67,125,128,92,6,0,0,120,Fairy Pokémon
671,Florges,fairy,,552,78,65,68,112,154,75,6,0,0,45,Garden Pokémon
672,Skiddo,grass,,350,66,65,48,62,57,52,6,0,50,200,Mount Pokémon
673,Gogoat,grass,,531,123,100,62,97,81,68,6,0,50,45,Mount Pokémon
674,Pancham,fighting,,348,67,82,62,46,48,43,6,0,50,220,Playful Pokémon
675,Pangoro,fighting,dark,495,95,124,78,69,71,58,6,0,50,65,Daunting Pokémon
676,Furfrou,normal,,472,75,80,60,65,90,102,6,0,50,160,Poodle Pokémon
677,Espurr,psychic,,355,62,48,54,63,60,68,6,0,50,190,Restraint Pokémon
678,Meowstic,psychic,,466,74,48,76,83,81,104,6,0,50,75,Constraint Pokémon
679,Honedge,steel,ghost,325,45,80,100,35,37,28,6,0,50,180,Sword Pokémon
680,Doublade,steel,ghost,448,59,110,150,45,49,35,6,0,50,90,Sword Pokémon
681,Aegislash,steel,ghost,520,60,150,50,150,50,60,6,0,50,45,Royal Sword Pokémon
682,Spritzee,fairy,,341,78,52,60,63,65,23,6,0,50,200,Perfume Pokémon
683,Aromatisse,fairy,,462,101,72,72,99,89,29,6,0,50,140,Fragrance Pokémon
684,Swirlix,fairy,,341,62,48,66,59,57,49,6,0,50,200,Cotton Candy Pokémon
685,Slurpuff,fairy,,480,82,80,86,85,75,72,6,0,50,140,Meringue Pokémon
686,Inkay,dark,psychic,288,53,54,53,37,46,45,6,0,50,190,Revolving Pokémon
687,Malamar,dark,psychic,482,86,92,88,68,75,73,6,0,50,80,Overturning Pokémon
688,Binacle,rock,water,306,42,52,67,39,56,50,6,0,50,120,Two-Handed Pokémon
689,Barbaracle,rock,water,500,72,105,115,54,86,68,6,0,50,45,Collective Pokémon
690,Skrelp,poison,water,320,50,60,60,60,60,30,6,0,50,225,Mock Kelp Pokémon
691,Dragalge,poison,dragon,494,65,75,90,97,123,44,6,0,50,55,Mock Kelp Pokémon
692,Clauncher,water,,330,50,53,62,58,63,44,6,0,50,225,Water Gun Pokémon
693,Clawitzer,water,,500,71,73,88,120,89,59,6,0,50,55,Howitzer Pokémon
694,Helioptile,electric,normal,289,44,38,33,61,43,70,6,0,50,190,Generator Pokémon
695,Heliolisk,electric,normal,481,62,55,52,109,94,109,6,0,50,75,Generator Pokémon
696,Tyrunt,rock,dragon,362,58,89,77,45,45,48,6,0,88.1,45,Royal Heir Pokémon
697,Tyrantrum,rock,dragon,521,82,121,119,69,59,71,6,0,88.1,45,Despot Pokémon
698,Amaura,rock,ice,362,77,59,50,67,63,46,6,0,88.1,45,Tundra Pokémon
699,Aurorus,rock,ice,521,123,77,72,99,92,58,6,0,88.1,45,Tundra Pokémon
700,Sylveon,fairy,,525,95,65,65,110,130,60,6,0,88.1,45,Intertwining Pokémon
701,Hawlucha,fighting,flying,500,78,92,75,74,63,118,6,0,50,100,Wrestling Pokémon
702,Dedenne,electric,fairy,431,67,58,57,81,67,101,6,0,50,180,Antenna Pokémon
703,Carbink,rock,fairy,500,50,50,150,50,150,50,6,0,,60,Jewel Pokémon
704,Goomy,dragon,,300,45,50,35,55,75,40,6,0,50,45,Soft Tissue Pokémon
705,Sliggoo,dragon,,452,68,75,53,83,113,60,6,0,50,45,Soft Tissue Pokémon
706,Goodra,dragon,,600,90,100,70,110,150,80,6,0,50,45,Dragon Pokémon
707,Klefki,steel,fairy,470,57,80,91,80,87,75,6,0,50,75,Key Ring Pokémon
708,Phantump,ghost,grass,309,43,70,48,50,60,38,6,0,50,120,Stump Pokémon
709,Trevenant,ghost,grass,474,85,110,76,65,82,56,6,0,50,60,Elder Tree Pokémon
710,Pumpkaboo,ghost,grass,335,59,66,70,44,55,41,6,0,50,120,Pumpkin Pokémon
711,Gourgeist,ghost,grass,494,85,100,122,58,75,54,6,0,50,60,Pumpkin Pokémon
712,Bergmite,ice,,304,55,69,85,32,35,28,6,0,50,190,Ice Chunk Pokémon
713,Avalugg,ice,,514,95,117,184,44,46,28,6,0,50,55,Iceberg Pokémon
714,Noibat,flying,dragon,245,40,30,35,45,40,55,6,0,50,190,Sound Wave Pokémon
715,Noivern,flying,dragon,535,85,70,80,97,80,123,6,0,50,45,Sound Wave Pokémon
716,Xerneas,fairy,,680,126,131,95,131,98,99,6,1,,45,Life Pokémon
717,Yveltal,dark,flying,680,126,131,95,131,98,99,6,1,,45,Destruction Pokémon
718,Zygarde,dragon,ground,708,216,100,121,91,95,85,6,1,,3,Order Pokémon
719,Diancie,rock,fairy,700,50,160,110,160,110,110,6,1,,3,Jewel Pokémon
720,Hoopa,psychic,ghost,680,80,160,60,170,130,80,6,1,,3,Mischief Pokémon (Confined)Djinn Pokémonn (Unbound)
721,Volcanion,fire,water,600,80,110,120,130,90,70,6,1,,3,Steam Pokémon
722,Rowlet,grass,flying,320,68,55,55,50,50,42,7,0,88.1,45,Grass Quill Pokémon
723,Dartrix,grass,flying,420,78,75,75,70,70,52,7,0,88.1,45,Blade Quill Pokémon
724,Decidueye,grass,ghost,530,78,107,75,100,100,70,7,0,88.1,45,Arrow Quill Pokémon
725,Litten,fire,,320,45,65,40,60,40,70,7,0,88.1,45,Fire Cat Pokémon
726,Torracat,fire,,420,65,85,50,80,50,90,7,0,88.1,45,Fire Cat Pokémon
727,Incineroar,fire,dark,530,95,115,90,80,90,60,7,0,88.1,45,Heel Pokémon
728,Popplio,water,,320,50,54,54,66,56,40,7,0,88.1,45,Sea Lion Pokémon
729,Brionne,water,,420,60,69,69,91,81,50,7,0,88.1,45,Pop Star Pokémon
730,Primarina,water,fairy,530,80,74,74,126,116,60,7,0,88.1,45,Soloist Pokémon
731,Pikipek,normal,flying,265,35,75,30,30,30,65,7,0,50,255,Woodpecker Pokémon
732,Trumbeak,normal,flying,355,55,85,50,40,50,75,7,0,50,120,Bugle Beak Pokémon
733,Toucannon,normal,flying,485,80,120,75,75,75,60,7,0,50,45,Cannon Pokémon
734,Yungoos,normal,,253,48,70,30,30,30,45,7,0,50,255,Loitering Pokémon
735,Gumshoos,normal,,418,88,110,60,55,60,45,7,0,50,127,Stakeout Pokémon
736,Grubbin,bug,,300,47,62,45,55,45,46,7,0,50,255,Larva Pokémon
737,Charjabug,bug,electric,400,57,82,95,55,75,36,7,0,50,120,Battery Pokémon
738,Vikavolt,bug,electric,500,77,70,90,145,75,43,7,0,50,45,Stag Beetle Pokémon
739,Crabrawler,fighting,,338,47,82,57,42,47,63,7,0,50,225,Boxing Pokémon
740,Crabominable,fighting,ice,478,97,132,77,62,67,43,7,0,50,60,Woolly Crab Pokémon
741,Oricorio,fire,flying,476,75,70,70,98,70,93,7,0,24.6,45,Dancing Pokémon
742,Cutiefly,bug,fairy,304,40,45,40,55,40,84,7,0,50,190,Bee Fly Pokémon
743,Ribombee,bug,fairy,464,60,55,60,95,70,124,7,0,50,75,Bee Fly Pokémon
744,Rockruff,rock,,280,45,65,40,30,40,60,7,0,50,190,Puppy Pokémon
745,Lycanroc,rock,,487,85,115,75,55,75,82,7,0,50,90,Wolf Pokémon
746,Wishiwashi,water,,620,45,140,130,140,135,30,7,0,50,60,Small Fry Pokémon
747,Mareanie,poison,water,305,50,53,62,43,52,45,7,0,50,190,Brutal Star Pokémon
748,Toxapex,poison,water,495,50,63,152,53,142,35,7,0,50,75,Brutal Star Pokémon
749,Mudbray,ground,,385,70,100,70,45,55,45,7,0,50,190,Donkey Pokémon
750,Mudsdale,ground,,500,100,125,100,55,85,35,7,0,50,60,Draft Horse Pokémon
751,Dewpider,water,bug,269,38,40,52,40,72,27,7,0,50,200,Water Bubble Pokémon
752,Araquanid,water,bug,454,68,70,92,50,132,42,7,0,50,100,Water Bubble Pokémon
753,Fomantis,grass,,250,40,55,35,50,35,35,7,0,50,190,Sickle Grass Pokémon
754,Lurantis,grass,,480,70,105,90,80,90,45,7,0,50,75,Bloom Sickle Pokémon
755,Morelull,grass,fairy,285,40,35,55,65,75,15,7,0,50,190,Illuminating Pokémon
756,Shiinotic,grass,fairy,405,60,45,80,90,100,30,7,0,50,75,Illuminating Pokémon
757,Salandit,poison,fire,320,48,44,40,71,40,77,7,0,88.1,120,Toxic Lizard Pokémon
758,Salazzle,poison,fire,480,68,64,60,111,60,117,7,0,0,45,Toxic Lizard Pokémon
759,Stufful,normal,fighting,340,70,75,50,45,50,50,7,0,50,140,Flailing Pokémon
760,Bewear,normal,fighting,500,120,125,80,55,60,60,7,0,50,70,Strong Arm Pokémon
761,Bounsweet,grass,,210,42,30,38,30,38,32,7,0,0,235,Fruit Pokémon
762,Steenee,grass,,290,52,40,48,40,48,62,7,0,0,120,Fruit Pokémon
763,Tsareena,grass,,510,72,120,98,50,98,72,7,0,0,45,Fruit Pokémon
764,Comfey,fairy,,485,51,52,90,82,110,100,7,0,24.6,60,Posy Picker Pokémon
765,Oranguru,normal,psychic,490,90,60,80,90,110,60,7,0,50,45,Sage Pokémon
766,Passimian,fighting,,490,100,120,90,40,60,80,7,0,50,45,Teamwork Pokémon
767,Wimpod,bug,water,230,25,35,40,20,30,80,7,0,50,90,Turn Tail Pokémon
768,Golisopod,bug,water,530,75,125,140,60,90,40,7,0,50,45,Hard Scale Pokémon
769,Sandygast,ghost,ground,320,55,55,80,70,45,15,7,0,50,140,Sand Heap Pokémon
770,Palossand,ghost,ground,480,85,75,110,100,75,35,7,0,50,60,Sand Castle Pokémon
771,Pyukumuku,water,,410,55,60,130,30,130,5,7,0,50,60,Sea Cucumber Pokémon
772,Type: Null,normal,,534,95,95,95,95,95,59,7,0,,3,Synthetic Pokémon
773,Silvally,normal,,570,95,95,95,95,95,95,7,0,,3,Synthetic Pokémon
774,Minior,rock,flying,500,60,100,60,100,60,120,7,0,,30 (Meteorite)255 (Core),Meteor Pokémon
775,Komala,normal,,480,65,115,65,75,95,65,7,0,50,45,Drowsing Pokémon
776,Turtonator,fire,dragon,485,60,78,135,91,85,36,7,0,50,70,Blast Turtle Pokémon
777,Togedemaru,electric,steel,435,65,98,63,40,73,96,7,0,50,180,Roly-Poly Pokémon
778,Mimikyu,ghost,fairy,476,55,90,80,50,105,96,7,0,50,45,Disguise Pokémon
779,Bruxish,water,psychic,475,68,105,70,70,70,92,7,0,50,80,Gnash Teeth Pokémon
780,Drampa,normal,dragon,485,78,60,85,135,91,36,7,0,50,70,Placid Pokémon
781,Dhelmise,ghost,grass,517,70,131,100,86,90,40,7,0,,25,Sea Creeper Pokémon
782,Jangmo-o,dragon,,300,45,55,65,45,45,45,7,0,50,45,Scaly Pokémon
783,Hakamo-o,dragon,fighting,420,55,75,90,65,70,65,7,0,50,45,Scaly Pokémon
784,Kommo-o,dragon,fighting,600,75,110,125,100,105,85,7,0,50,45,Scaly Pokémon
785,Tapu Koko,electric,fairy,570,70,115,85,95,75,130,7,1,,3,Land Spirit Pokémon
786,Tapu Lele,psychic,fairy,570,70,85,75,130,115,95,7,1,,3,Land Spirit Pokémon
787,Tapu Bulu,grass,fairy,570,70,130,115,85,95,75,7,1,,3,Land Spirit Pokémon
788,Tapu Fini,water,fairy,570,70,75,115,95,130,85,7,1,,3,Land Spirit Pokémon
789,Cosmog,psychic,,200,43,29,31,29,31,37,7,1,,45,Nebula Pokémon
790,Cosmoem,psychic,,400,43,29,131,29,131,37,7,1,,45,Protostar Pokémon
791,Solgaleo,psychic,steel,680,137,137,107,113,89,97,7,1,,45,Sunne Pokémon
792,Lunala,psychic,ghost,680,137,113,89,137,107,97,7,1,,45,Moone Pokémon
793,Nihilego,rock,poison,570,109,53,47,127,131,103,7,1,,45,Parasite Pokémon
794,Buzzwole,bug,fighting,570,107,139,139,53,53,79,7,1,,25,Swollen Pokémon
795,Pheromosa,bug,fighting,570,71,137,37,137,37,151,7,1,,255,Lissome Pokémon
796,Xurkitree,electric,,570,83,89,71,173,71,83,7,1,,30,Glowing Pokémon
797,Celesteela,steel,flying,570,97,101,103,107,101,61,7,1,,25,Launch Pokémon
798,Kartana,grass,steel,570,59,181,131,59,31,109,7,1,,255,Drawn Sword Pokémon
799,Guzzlord,dark,dragon,570,223,101,53,97,53,43,7,1,,15,Junkivore Pokémon
800,Necrozma,psychic,,600,97,107,101,127,89,79,7,1,,3,Prism Pokémon
801,Magearna,steel,fairy,600,80,95,115,130,115,65,7,1,,3,Artificial Pokémon